{
  "dataset": {
    "samples": 223920,
    "diseases": 656,
    "symptoms": 480
  },
  "results": {
    "Category (Symptoms)": {
      "Top-1": 0.8996963201143265,
      "Top-3": 0.9912022150768132,
      "F1": 0.897814017425956,
      "Precision": 0.8735550586743447,
      "Recall": 0.9315949585038296
    },
    "Category (+Demo)": {
      "Top-1": 0.9053679885673455,
      "Top-3": 0.9924080028581637,
      "F1": 0.903582349587281,
      "Precision": 0.8788574802076974,
      "Recall": 0.9373997691642277
    },
    "Disease (Symptoms)": {
      "Top-1": 0.7739817792068596,
      "Top-3": 0.8848249374776705,
      "Top-5": 0.9089406931046803,
      "Top-10": 0.9311361200428725,
      "Precision": 0.6817096350498498,
      "Recall": 0.7994787940595884
    },
    "Disease (+Demo)": {
      "Top-1": 0.8019828510182208,
      "Top-3": 0.8937120400142908,
      "Top-5": 0.915058949624866,
      "Top-10": 0.9284119328331547,
      "Precision": 0.7338512403358373,
      "Recall": 0.8258574681150216
    },
    "Hierarchical Ensemble": {
      "Top-1": 0.8444980350125044,
      "Top-3": 0.9602536620221508,
      "Top-5": 0.9793229724901751
    }
  },
  "baselines": {
    "lr": 0.790058949624866,
    "rf": 0.6668899607002501
  },
  "improvement": {
    "cat": 0.5671668453018919,
    "dis": 2.8001071811361133
  }
}