{
  "dataset": {
    "samples": 207387,
    "diseases": 615,
    "symptoms": 458
  },
  "results": {
    "Category (Symptoms)": {
      "Top-1": 0.9210183711847244,
      "Top-3": 0.9904527701432084,
      "F1": 0.9116919349938011,
      "Precision": 0.8969942529602289,
      "Recall": 0.9307762737917502
    },
    "Category (+Demo)": {
      "Top-1": 0.9292154877284343,
      "Top-3": 0.9915617917932398,
      "F1": 0.9209004518118485,
      "Precision": 0.9071011249768064,
      "Recall": 0.9387100095236215
    },
    "Disease (Symptoms)": {
      "Top-1": 0.7813780799459955,
      "Top-3": 0.888374560007715,
      "Top-5": 0.9136409662953855,
      "Top-10": 0.9360142726264525,
      "Precision": 0.6830299159769311,
      "Recall": 0.8148577802111016
    },
    "Disease (+Demo)": {
      "Top-1": 0.8106466078403008,
      "Top-3": 0.8990790298471479,
      "Top-5": 0.9204397511934037,
      "Top-10": 0.9350981243068615,
      "Precision": 0.7438488030738026,
      "Recall": 0.8472597906017885
    },
    "Hierarchical Ensemble": {
      "Top-1": 0.8640243020396354,
      "Top-3": 0.9608467139206326,
      "Top-5": 0.9790732436472347
    }
  },
  "baselines": {
    "lr": 0.7917932397897681,
    "rf": 0.6428468103572978
  },
  "improvement": {
    "cat": 0.8197116543709915,
    "dis": 2.926852789430534
  }
}