{
  "real_only": {
    "Top-1": 0.8078029412956286,
    "Top-3": 0.9330308309362719,
    "Top-5": 0.9596483409634161,
    "Macro-F1": 0.6797276260458661
  },
  "augmented": {
    "Top-1": 0.8045710979314336,
    "Top-3": 0.9352427793046917,
    "Top-5": 0.9627272288924249,
    "Macro-F1": 0.6675981883035415
  },
  "augmented_demo": {
    "Top-1": 0.8242441776363373,
    "Top-3": 0.9482617291094074,
    "Top-5": 0.9715994020926756,
    "Macro-F1": 0.6883335343098073
  },
  "cv_real": {
    "Top-1": {
      "mean": 0.8055246113938075,
      "std": 0.0006709173058674549
    },
    "Top-3": {
      "mean": 0.9314123955713948,
      "std": 0.0010335324534159586
    },
    "Top-5": {
      "mean": 0.959870030696055,
      "std": 0.0008084536429820341
    },
    "Macro-F1": {
      "mean": 0.6720240480601839,
      "std": 0.0020706300594000283
    }
  },
  "cv_augmented": {
    "Top-1": {
      "mean": 0.803483355728986,
      "std": 0.0014390727936669694
    },
    "Top-3": {
      "mean": 0.9379613898604158,
      "std": 0.0007832589269493134
    },
    "Top-5": {
      "mean": 0.9648386825555519,
      "std": 0.00017372337124757161
    },
    "Macro-F1": {
      "mean": 0.669048178591874,
      "std": 0.0027892853503165907
    }
  }
}